"MWS_SAW_BATCH_ID";"AGE_INDEX";"MWS_EQP_ID";"MWS_LOT_ID_LIST";"INGOT_SEGMENT_COUNT";"MAX_POS_IN_SAWINGBATCH";"MAX_DEFLECTION";"MWS_RECIPE_ID";"MWS_CUT_NUMBER";"WIRE_GUIDE_ROLLER_RUN_COUNT";"MWS_CUT_DONE_TIMESTAMP";"MWS_BOW_PLATE_ALLOWED";"MWS_BOW_PROFILE_ACTIVE";"MWS_CUT_INTERRUPTED";"MWS_WIRE_BREAK";"SPC_ALARM";"WIRE_GUIDE_ROLLER_CHANGED";"COMPLETE_CUT";"WAFER_LIST"
"MWS328183";1.0;"LW_35";"M79NY";1.0;378.0;38.0;"12.9C-B35";4220.0;41.0;"2019-02-18 06:06:869";"Y";"Y";"N";"N";"N";"N";"Y";"BW0822605338,BW0822605337,BW0822605336,BW0822605335,BW0822605334,BW0822605333,BW0822605332,BW0822605331,BW0822605330,BW0822605329,BW0822605328,BW0822605327,BW0822605326,BW0822604694,BW0822604693,BW0822604692,BW0822604685,BW0822604684,BW0822604683"
"MWS328184";2.0;"LW_35";"M79NW";1.0;391.0;38.0;"12.9C-B35";4219.0;40.0;"2019-02-17 15:34:598";"Y";"Y";"N";"N";"N";"N";"Y";"BW0822600684,BW0822600683,BW0822600682,BW0822601268,BW0822601267,BW0822601266,BW0822601265,BW0822601264,BW0822601263,BW0822601262,BW0822601261,BW0822601260,BW0822601259,BW0822601258,BW0822600693,BW0822600692,BW0822600691,BW0822601270,BW0822601269"
"MWS328361";3.0;"LW_35";"M77XJ;M79JL";2.0;329.0;38.0;"12.9C-B35";4218.0;39.0;"2019-02-17 02:02:977";"Y";"Y";"N";"N";"N";"N";"Y";"BW0822596177,BW0822596176,BW0822596175,BW0822596174,BW0822596173,BW0822596172,BW0822596170,BW0822596169,BW0822596168,BW0822595998,BW0822595997,BW0822595996,BW0822595995,BW0822595994,BW0822595993,BW0822595992,BW0822595991,BW0822595990,BW0822595986,BW0822595640,BW0822595639,BW0822595638"
"MWS328283";4.0;"LW_35";"M79RY";1.0;391.0;38.0;"12.9C-B35";4217.0;38.0;"2019-02-16 07:50:691";"Y";"Y";"N";"N";"N";"N";"Y";"BW0822590635,BW0822590634,BW0822590633,BW0822590632,BW0822590631,BW0822590630,BW0822590629,BW0822590628,BW0822590627,BW0822590626,BW0822590625,BW0822590624,BW0822590623,BW0822590099,BW0822590098,BW0822590097,BW0822590090,BW0822590089,BW0822590088"
"MWS328221";5.0;"LW_35";"M79QT";1.0;391.0;38.0;"12.9C-B35";4216.0;37.0;"2019-02-15 16:10:395";"Y";"Y";"N";"N";"N";"N";"Y";"BW0822585144,BW0822585143,BW0822585142,BW0822585141,BW0822585140,BW0822585139,BW0822585138,BW0822585137,BW0822585136,BW0822585135,BW0822585134,BW0822585133,BW0822585132,BW0822584648,BW0822584647,BW0822584646,BW0822584639,BW0822584638,BW0822584637"
"MWS328205";6.0;"LW_35";"M79GH;M79JB";2.0;346.0;38.0;"12.9C-B35";4215.0;36.0;"2019-02-15 01:10:440";"Y";"Y";"N";"N";"N";"N";"Y";"BW0822580420,BW0822580419,BW0822580418,BW0822580417,BW0822580416,BW0822580415,BW0822580414,BW0822580413,BW0822580408,BW0822580114,BW0822580113,BW0822580112,BW0822580103,BW0822580102,BW0822580101,BW0822580100,BW0822580099,BW0822580098,BW0822580097,BW0822580091,BW0822579890,BW0822579889,BW0822579888"
"MWS328156";7.0;"LW_35";"M79JT";1.0;370.0;38.0;"12.9C-B35";4214.0;35.0;"2019-02-14 10:12:436";"Y";"Y";"N";"N";"N";"N";"Y";"BW0822576143,BW0822576142,BW0822576141,BW0822576140,BW0822576139,BW0822576138,BW0822576137,BW0822576136,BW0822576135,BW0822576134,BW0822576133,BW0822576132,BW0822576131,BW0822575679,BW0822575678,BW0822575677,BW0822575670,BW0822575669,BW0822575668"
"MWS328150";8.0;"LW_35";"M77KB;M79CC;M79KK";3.0;292.0;38.0;"12.9C-B35";4213.0;34.0;"2019-02-13 16:57:298";"Y";"Y";"N";"N";"N";"N";"Y";"BW0822570770,BW0822570769,BW0822570768,BW0822570767,BW0822570766,BW0822570763,BW0822570762,BW0822570761,BW0822570659,BW0822570658,BW0822570657,BW0822570656,BW0822570655,BW0822570654,BW0822570653,BW0822570652,BW0822570651,BW0822570650,BW0822570433,BW0822570432,BW0822570431,BW0822570430,BW0822570429,BW0822570426,BW0822570425,BW0822570424"
"MWS328081";9.0;"LW_35";"M79ND";1.0;391.0;38.0;"12.9C-B35";4212.0;33.0;"2019-02-13 00:18:179";"Y";"Y";"N";"N";"N";"N";"Y";"BW0822565908,BW0822565907,BW0822565906,BW0822565905,BW0822565904,BW0822565903,BW0822565902,BW0822565901,BW0822565900,BW0822565899,BW0822565898,BW0822565897,BW0822565896,BW0822565387,BW0822565386,BW0822565385,BW0822565378,BW0822565377,BW0822565376"
"MWS327882";10.0;"LW_35";"M793J";1.0;269.0;38.0;"12.9C-B35";4211.0;32.0;"2019-02-12 10:29:982";"Y";"Y";"N";"N";"N";"N";"Y";"BW0822561712,BW0822561711,BW0822561710,BW0822561709,BW0822561708,BW0822561707,BW0822561706,BW0822561705,BW0822561704,BW0822561703,BW0822561702,BW0822561700,BW0822561348,BW0822561347,BW0822561346"
"MWS327903";11.0;"LW_35";"M765Y;M77AY";2.0;376.0;38.0;"12.9C-B35";4210.0;31.0;"2019-02-11 20:57:493";"Y";"Y";"N";"N";"N";"N";"Y";"BW0822557713,BW0822557712,BW0822557711,BW0822557710,BW0822557709,BW0822557708,BW0822557707,BW0822557706,BW0822557701,BW0822557474,BW0822557473,BW0822557472,BW0822557277,BW0822557276,BW0822557452,BW0822557451,BW0822557450,BW0822557449,BW0822557448,BW0822557447,BW0822557446,BW0822557445,BW0822557440,BW0822557275"
"MWS327920";12.0;"LW_35";"M77LR;M77LU";2.0;344.0;38.0;"12.9C-B35";4209.0;30.0;"2019-02-11 06:44:327";"Y";"Y";"N";"N";"N";"N";"Y";"BW0822553800,BW0822553799,BW0822553798,BW0822553797,BW0822553796,BW0822553795,BW0822553794,BW0822553793,BW0822553792,BW0822553791,BW0822553788,BW0822553460,BW0822553459,BW0822553458,BW0822553449,BW0822553448,BW0822553447,BW0822553446,BW0822553445,BW0822553444,BW0822553442,BW0822553441,BW0822553440"
"MWS327987";13.0;"LW_35";"M79GJ";1.0;380.0;38.0;"12.9C-B35";4208.0;29.0;"2019-02-10 16:10:167";"Y";"Y";"N";"N";"N";"N";"Y";"BW0822549919,BW0822549918,BW0822549917,BW0822549916,BW0822549915,BW0822549914,BW0822549913,BW0822549912,BW0822549911,BW0822549910,BW0822549909,BW0822549384,BW0822549383,BW0822549382,BW0822549375,BW0822549374,BW0822549373,BW0822549921,BW0822549920"
"MWS327905";14.0;"LW_35";"M79BD";1.0;211.0;38.0;"12.9C-B35";4207.0;28.0;"2019-02-10 00:31:53";"Y";"Y";"N";"N";"N";"N";"Y";"BW0822545266,BW0822545265,BW0822545264,BW0822545263,BW0822545262,BW0822545261,BW0822545260,BW0822545259,BW0822545258,BW0822545254,BW0822544903,BW0822544902,BW0822544901"
"MWS327647";15.0;"LW_35";"M77ZR;M77JM;M77BC";3.0;390.0;38.0;"12.9C-B35";4206.0;27.0;"2019-02-09 10:45:443";"Y";"Y";"N";"N";"N";"N";"Y";"BW0822541305,BW0822541304,BW0822541303,BW0822541302,BW0822541301,BW0822541300,BW0822541299,BW0822541298,BW0822541293,BW0822540977,BW0822540976,BW0822540975,BW0822540951,BW0822540950,BW0822540949,BW0822540948,BW0822540947,BW0822540946,BW0822540944,BW0822540943,BW0822540942,BW0822540761,BW0822540760,BW0822540759,BW0822540758,BW0822540757,BW0822540756,BW0822540754,BW0822540753,BW0822540752"
"MWS327716";16.0;"LW_35";"M79GC";1.0;391.0;38.0;"12.9C-B35";4205.0;26.0;"2019-02-08 17:56:309";"Y";"N";"N";"N";"N";"N";"Y";"BW0822535904,BW0822535903,BW0822535902,BW0822535901,BW0822535900,BW0822535899,BW0822535898,BW0822535897,BW0822535896,BW0822535895,BW0822535894,BW0822535893,BW0822535892,BW0822535313,BW0822535312,BW0822535311,BW0822535304,BW0822535303,BW0822535302"
"MWS327442";17.0;"LW_35";"M79BK";1.0;390.0;38.0;"12.9C-B35";4204.0;25.0;"2019-02-08 01:38:724";"Y";"N";"N";"N";"N";"N";"Y";"BW0822530025,BW0822530024,BW0822530023,BW0822530022,BW0822530021,BW0822530020,BW0822530019,BW0822530018,BW0822530017,BW0822530016,BW0822530015,BW0822530014,BW0822530013,BW0822529524,BW0822529523,BW0822529522,BW0822529515,BW0822529514,BW0822529513"
"MWS327515";18.0;"LW_35";"M795Y;M792M;M796G";3.0;318.0;38.0;"12.9C-B35";4203.0;24.0;"2019-02-07 12:07:943";"Y";"N";"N";"N";"N";"N";"Y";"BW0822526293,BW0822526292,BW0822526291,BW0822526290,BW0822526289,BW0822526288,BW0822526287,BW0822526286,BW0822526285,BW0822526284,BW0822526100,BW0822526099,BW0822526098,BW0822526097,BW0822526096,BW0822526095,BW0822526093,BW0822526092,BW0822526091,BW0822525942,BW0822525941,BW0822525940,BW0822525939,BW0822525938,BW0822525936,BW0822525935,BW0822525934"
"MWS326781";19.0;"LW_35";"M776C;M779P;M776H";3.0;319.0;38.0;"12.9C-B35";4202.0;23.0;"2019-02-06 22:06:100";"Y";"N";"N";"N";"N";"N";"Y";"BW0822521930,BW0822521929,BW0822521928,BW0822521927,BW0822521926,BW0822521925,BW0822521924,BW0822521923,BW0822521922,BW0822521921,BW0822521731,BW0822521730,BW0822521729,BW0822521728,BW0822521727,BW0822521726,BW0822521724,BW0822521723,BW0822521722,BW0822521545,BW0822521544,BW0822521543,BW0822521542,BW0822521541,BW0822521540,BW0822521538,BW0822521537,BW0822521536"
"MWS327171";20.0;"LW_35";"M77TU;M775W;M775T";3.0;327.0;38.0;"12.9C-B35";4201.0;22.0;"2019-02-06 06:04:388";"Y";"N";"N";"N";"N";"N";"Y";"BW0822520038,BW0822520037,BW0822520036,BW0822520035,BW0822520034,BW0822520033,BW0822520031,BW0822520030,BW0822520029,BW0822519846,BW0822519845,BW0822519844,BW0822519843,BW0822519842,BW0822519841,BW0822519839,BW0822519838,BW0822519837,BW0822519674,BW0822519675,BW0822519673,BW0822519672,BW0822519671,BW0822519670,BW0822519668,BW0822519667,BW0822519666"
"MWS327395";21.0;"LW_35";"M792K";1.0;393.0;38.0;"12.9C-B35";4200.0;21.0;"2019-02-05 09:00:22";"Y";"Y";"N";"N";"N";"N";"Y";"BW0822510835,BW0822510834,BW0822510833,BW0822510832,BW0822510831,BW0822510830,BW0822510829,BW0822510828,BW0822510827,BW0822510826,BW0822510825,BW0822510824,BW0822510823,BW0822510362,BW0822510361,BW0822510360,BW0822510353,BW0822510352,BW0822510351"
"MWS327096";22.0;"LW_35";"M75ZC;M76XG";2.0;383.0;38.0;"12.9C-B35";4199.0;20.0;"2019-02-04 18:33:699";"Y";"Y";"N";"N";"N";"N";"Y";"BW0822506463,BW0822506462,BW0822506461,BW0822506460,BW0822506459,BW0822506458,BW0822506457,BW0822506456,BW0822506451,BW0822506173,BW0822506172,BW0822506171,BW0822506147,BW0822506146,BW0822506145,BW0822506144,BW0822506143,BW0822506142,BW0822506141,BW0822506140,BW0822506135,BW0822505831,BW0822505830,BW0822505829"
"MWS326904";23.0;"LW_35";"M76HE;M77NC";2.0;341.0;38.0;"12.9C-B35";4198.0;19.0;"2019-02-04 03:49:172";"Y";"Y";"N";"N";"N";"N";"Y";"BW0822501760,BW0822501757,BW0822501764,BW0822501763,BW0822501762,BW0822501761,BW0822501759,BW0822501758,BW0822501756,BW0822501755,BW0822501752,BW0822501547,BW0822501546,BW0822501545,BW0822501535,BW0822501534,BW0822501533,BW0822501532,BW0822501531,BW0822501530,BW0822501528,BW0822501527,BW0822501526"
"MWS327195";24.0;"LW_35";"M793M";1.0;364.0;38.0;"12.9C-B35";4197.0;18.0;"2019-02-03 11:33:191";"Y";"Y";"N";"N";"N";"N";"Y";"BW0822496757,BW0822496756,BW0822496755,BW0822496754,BW0822496753,BW0822496752,BW0822496751,BW0822496750,BW0822496749,BW0822496748,BW0822496747,BW0822496746,BW0822496745,BW0822496226,BW0822496225,BW0822496217,BW0822496216,BW0822496215"
"MWS326945";25.0;"LW_35";"M77HL;M77YM";2.0;375.0;38.0;"12.9C-B35";4196.0;17.0;"2019-02-02 21:51:110";"Y";"Y";"N";"N";"N";"N";"Y";"BW0822492444,BW0822492443,BW0822492442,BW0822492441,BW0822492440,BW0822492439,BW0822492438,BW0822492437,BW0822492436,BW0822492432,BW0822492118,BW0822492117,BW0822492116,BW0822492092,BW0822492091,BW0822492090,BW0822492089,BW0822492088,BW0822492087,BW0822492086,BW0822492080,BW0822491832,BW0822491831,BW0822491830"
"MWS325944";26.0;"LW_35";"M775C";1.0;384.0;38.0;"12.9C-B35";4195.0;16.0;"2019-02-02 07:14:44";"Y";"Y";"N";"N";"N";"N";"Y";"BW0822488028,BW0822488027,BW0822488026,BW0822488025,BW0822488024,BW0822488023,BW0822488022,BW0822488021,BW0822487496,BW0822487495,BW0822488020,BW0822488019,BW0822488018,BW0822488017,BW0822488016,BW0822487497,BW0822487488,BW0822487487,BW0822487486"
"MWS325913";27.0;"LW_35";"M76LB;M76EY";2.0;387.0;38.0;"12.9C-B35";4194.0;15.0;"2019-02-01 17:30:665";"Y";"Y";"N";"N";"N";"N";"Y";"BW0822483415,BW0822483414,BW0822483413,BW0822483412,BW0822483411,BW0822483410,BW0822483409,BW0822483408,BW0822483403,BW0822483124,BW0822483123,BW0822483122,BW0822483106,BW0822483105,BW0822483104,BW0822483103,BW0822483102,BW0822483101,BW0822483100,BW0822483099,BW0822483094,BW0822482949,BW0822482948,BW0822482947"
"MWS327028";28.0;"LW_35";"M77WE";1.0;389.0;38.0;"12.9C-B35";4193.0;14.0;"2019-02-01 03:17:804";"Y";"Y";"N";"N";"N";"N";"Y";"BW0822479400,BW0822479399,BW0822479398,BW0822479397,BW0822479396,BW0822479395,BW0822479394,BW0822479393,BW0822479392,BW0822479391,BW0822479390,BW0822479389,BW0822479388,BW0822479029,BW0822479028,BW0822479027,BW0822479020,BW0822479019,BW0822479018"
"MWS326928";29.0;"LW_35";"M772E";1.0;275.0;38.0;"12.9C-B35";4192.0;13.0;"2019-01-31 13:43:515";"Y";"Y";"N";"N";"N";"N";"Y";"BW0822474854,BW0822474853,BW0822474852,BW0822475120,BW0822475119,BW0822475118,BW0822475117,BW0822475116,BW0822475115,BW0822475114,BW0822475113,BW0822475112,BW0822475111,BW0822475110,BW0822475108"
"MWS326934";30.0;"LW_35";"M779W";1.0;226.0;38.0;"12.9C-B35";4191.0;12.0;"2019-01-31 00:10:150";"Y";"Y";"N";"N";"N";"N";"Y";"BW0822470709,BW0822470708,BW0822470707,BW0822470904,BW0822470903,BW0822470902,BW0822470901,BW0822470900,BW0822470899,BW0822470898,BW0822470897,BW0822470896,BW0822470895,BW0822470892"
"MWS326757";31.0;"LW_35";"M77FB";1.0;390.0;38.0;"12.9C-B35";4190.0;11.0;"2019-01-30 08:23:525";"Y";"Y";"N";"N";"N";"N";"Y";"BW0822466324,BW0822466323,BW0822466322,BW0822466321,BW0822466320,BW0822465751,BW0822465750,BW0822465749,BW0822465742,BW0822465741,BW0822465740,BW0822466332,BW0822466331,BW0822466330,BW0822466329,BW0822466328,BW0822466327,BW0822466326,BW0822466325"
"MWS325912";32.0;"LW_35";"M76FD;M76EW";2.0;363.0;38.0;"12.9C-B35";4189.0;10.0;"2019-01-29 18:04:159";"Y";"Y";"N";"N";"N";"N";"Y";"BW0822462356,BW0822462355,BW0822462354,BW0822462353,BW0822462352,BW0822462351,BW0822462350,BW0822462349,BW0822462344,BW0822462072,BW0822462071,BW0822462070,BW0822462041,BW0822462040,BW0822462039,BW0822462038,BW0822462037,BW0822462036,BW0822462035,BW0822462034,BW0822462029,BW0822461751,BW0822461750,BW0822461749"
"MWS326554";33.0;"LW_35";"M77NY;M77NU";2.0;365.0;38.0;"12.9C-B35";4188.0;9.0;"2019-01-29 01:29:91";"Y";"Y";"N";"N";"N";"N";"Y";"BW0822458598,BW0822458597,BW0822458596,BW0822458595,BW0822458593,BW0822458592,BW0822458591,BW0822458590,BW0822458589,BW0822458588,BW0822458586,BW0822458179,BW0822458178,BW0822458177,BW0822458594,BW0822458153,BW0822458152,BW0822458151,BW0822458150,BW0822458149,BW0822458148,BW0822458146,BW0822458145,BW0822458144"
"MWS326654";34.0;"LW_35";"M76YL";1.0;235.0;38.0;"12.9C-B35";4187.0;8.0;"2019-01-28 10:43:387";"Y";"Y";"N";"N";"N";"N";"Y";"BW0822453071,BW0822453072,BW0822453074,BW0822453073,BW0822453070,BW0822453069,BW0822453068,BW0822453067,BW0822453066,BW0822453065,BW0822453062,BW0822452805,BW0822452804,BW0822452803"
"MWS326665";35.0;"LW_35";"M77PR";1.0;387.0;38.0;"12.9C-B35";4186.0;7.0;"2019-01-27 19:58:262";"Y";"Y";"N";"N";"N";"N";"Y";"BW0822449326,BW0822449328,BW0822449327,BW0822449329,BW0822449323,BW0822449325,BW0822449324,BW0822449322,BW0822449321,BW0822449317,BW0822449320,BW0822449319,BW0822449318,BW0822448919,BW0822448918,BW0822448917,BW0822448908,BW0822448910,BW0822448909"
"MWS328311";1.0;"LW_34";"M79PW;M79PP";2.0;359.0;34.0;"15.0C-B34";5233.0;17.0;"2019-02-17 20:35:877";"Y";"Y";"N";"N";"N";"N";"Y";"BW0822602655,BW0822602654,BW0822602653,BW0822602652,BW0822602651,BW0822602650,BW0822602649,BW0822602648,BW0822602643,BW0822602387,BW0822602386,BW0822602385,BW0822602338,BW0822602337,BW0822602336,BW0822602335,BW0822602334,BW0822602328,BW0822602340,BW0822602339,BW0822602080,BW0822602079,BW0822602078"
"MWS328220";2.0;"LW_34";"M79QW";1.0;391.0;34.0;"15.0C-B34";5232.0;16.0;"2019-02-17 04:02:150";"Y";"Y";"N";"N";"N";"N";"Y";"BW0822596868,BW0822596867,BW0822596866,BW0822596865,BW0822596864,BW0822596863,BW0822596862,BW0822596861,BW0822596860,BW0822596859,BW0822596858,BW0822596857,BW0822596856,BW0822596378,BW0822596377,BW0822596376,BW0822596369,BW0822596368,BW0822596367"
"MWS328136";3.0;"LW_34";"M79GU";1.0;386.0;34.0;"15.0C-B34";5231.0;15.0;"2019-02-16 12:20:758";"Y";"Y";"N";"N";"N";"N";"Y";"BW0822591725,BW0822591724,BW0822591723,BW0822591722,BW0822591721,BW0822591720,BW0822591719,BW0822591718,BW0822591717,BW0822591716,BW0822591715,BW0822591714,BW0822591713,BW0822591133,BW0822591132,BW0822591124,BW0822591123,BW0822591122"
"MWS328259";4.0;"LW_34";"M79NN";1.0;346.0;34.0;"15.0C-B34";5230.0;14.0;"2019-02-15 20:13:565";"Y";"Y";"N";"N";"N";"N";"Y";"BW0822585655,BW0822585654,BW0822585646,BW0822585645,BW0822585644,BW0822586132,BW0822586131,BW0822586130,BW0822586129,BW0822586128,BW0822586127,BW0822586126,BW0822586125,BW0822586124,BW0822586123,BW0822586122,BW0822586121,BW0822586120"
"MWS328223";5.0;"LW_34";"M79QM";1.0;390.0;34.0;"15.0C-B34";5229.0;13.0;"2019-02-15 04:31:373";"Y";"Y";"N";"N";"N";"N";"Y";"BW0822581534,BW0822581533,BW0822581532,BW0822581193,BW0822581192,BW0822581191,BW0822581184,BW0822581183,BW0822581182,BW0822581544,BW0822581543,BW0822581542,BW0822581541,BW0822581540,BW0822581539,BW0822581538,BW0822581537,BW0822581536,BW0822581535"
"MWS328198";6.0;"LW_34";"M79FP";1.0;238.0;34.0;"15.0C-B34";5228.0;12.0;"2019-02-14 12:18:586";"Y";"Y";"N";"N";"N";"N";"Y";"BW0822576506,BW0822576505,BW0822576504,BW0822576503,BW0822576502,BW0822576501,BW0822576500,BW0822576499,BW0822576498,BW0822576497,BW0822576494,BW0822576199,BW0822576198,BW0822576197"
"MWS328087";7.0;"LW_34";"M79MU";1.0;391.0;34.0;"15.0C-B34";5227.0;11.0;"2019-02-13 18:51:538";"Y";"Y";"N";"N";"N";"N";"Y";"BW0822572244,BW0822572243,BW0822572242,BW0822572241,BW0822572240,BW0822572239,BW0822572238,BW0822572237,BW0822572236,BW0822572235,BW0822572234,BW0822572233,BW0822572232,BW0822571750,BW0822571749,BW0822571748,BW0822571741,BW0822571740,BW0822571739"
"MWS327590";8.0;"LW_34";"M790J";1.0;383.0;34.0;"15.0C-B34";5226.0;10.0;"2019-02-13 03:06:663";"Y";"Y";"N";"N";"N";"N";"Y";"BW0822567111,BW0822567110,BW0822567109,BW0822567108,BW0822567107,BW0822567106,BW0822567105,BW0822567104,BW0822567103,BW0822567102,BW0822567101,BW0822567100,BW0822567099,BW0822566551,BW0822566550,BW0822566549,BW0822566542,BW0822566541,BW0822566540"
"MWS327979";9.0;"LW_34";"M793K";1.0;216.0;34.0;"15.0C-B34";5225.0;9.0;"2019-02-12 11:13:237";"Y";"Y";"Y";"N";"N";"N";"Y";"BW0822561879,BW0822561878,BW0822561877,BW0822561876,BW0822561875,BW0822561874,BW0822561873,BW0822561872,BW0822561871,BW0822561867,BW0822561657,BW0822561655,BW0822561656"
"MWS327565";10.0;"LW_34";"M79DD";1.0;384.0;34.0;"15.0C-B34";5224.0;8.0;"2019-02-11 19:19:47";"Y";"Y";"N";"N";"N";"N";"Y";"BW0822557301,BW0822557300,BW0822557299,BW0822557298,BW0822557297,BW0822557296,BW0822557295,BW0822557294,BW0822557293,BW0822557292,BW0822557291,BW0822557290,BW0822557289,BW0822557000,BW0822556999,BW0822556998,BW0822556991,BW0822556990,BW0822556989"
"MWS327717";11.0;"LW_34";"M79GA";1.0;390.0;34.0;"15.0C-B34";5223.0;7.0;"2019-02-11 03:20:987";"Y";"Y";"N";"N";"N";"N";"Y";"BW0822553136,BW0822553135,BW0822553134,BW0822553133,BW0822553132,BW0822553131,BW0822553130,BW0822553129,BW0822553128,BW0822553127,BW0822553126,BW0822553125,BW0822553124,BW0822552845,BW0822552844,BW0822552843,BW0822552836,BW0822552835,BW0822552834"
"MWS327953";12.0;"LW_34";"M79FR";1.0;391.0;34.0;"15.0C-B34";5222.0;6.0;"2019-02-10 11:31:855";"Y";"N";"N";"N";"N";"N";"Y";"BW0822548748,BW0822548747,BW0822548746,BW0822548745,BW0822548744,BW0822548743,BW0822548742,BW0822548741,BW0822548740,BW0822548739,BW0822548738,BW0822548737,BW0822548736,BW0822548210,BW0822548209,BW0822548208,BW0822548201,BW0822548200,BW0822548199"
"MWS327753";13.0;"LW_34";"M79CT";1.0;391.0;34.0;"15.0C-B34";5221.0;5.0;"2019-02-09 19:51:534";"Y";"N";"N";"N";"N";"N";"Y";"BW0822543548,BW0822543547,BW0822543546,BW0822543545,BW0822543544,BW0822543543,BW0822543542,BW0822543541,BW0822543540,BW0822543539,BW0822543538,BW0822543537,BW0822543536,BW0822543211,BW0822543210,BW0822543209,BW0822543202,BW0822543201,BW0822543200"
"MWS327583";14.0;"LW_34";"M79BR";1.0;294.0;34.0;"15.0C-B34";5220.0;4.0;"2019-02-09 04:01:323";"Y";"N";"N";"N";"N";"N";"Y";"BW0822538332,BW0822538331,BW0822538330,BW0822538329,BW0822538328,BW0822538327,BW0822538326,BW0822538325,BW0822538324,BW0822538323,BW0822538322,BW0822538321,BW0822538320,BW0822538035,BW0822538034,BW0822538033"
"MWS327467";15.0;"LW_34";"M77JY;M793G";2.0;379.0;34.0;"15.0C-B34";5219.0;3.0;"2019-02-08 12:20:899";"Y";"N";"N";"N";"N";"N";"Y";"BW0822533962,BW0822533961,BW0822533960,BW0822533959,BW0822533958,BW0822533957,BW0822533955,BW0822533954,BW0822533953,BW0822533809,BW0822533808,BW0822533807,BW0822533806,BW0822533805,BW0822533804,BW0822533803,BW0822533802,BW0822533801,BW0822533800,BW0822533799,BW0822533798,BW0822533797,BW0822533304,BW0822533303,BW0822533302"
"MWS327322";16.0;"LW_34";"M77LE;M790F";2.0;390.0;34.0;"15.0C-B34";5218.0;2.0;"2019-02-07 11:01:473";"Y";"N";"N";"N";"N";"N";"Y";"BW0822525762,BW0822525761,BW0822525760,BW0822525759,BW0822525758,BW0822525757,BW0822525750,BW0822525501,BW0822525500,BW0822525499,BW0822525756,BW0822525475,BW0822525474,BW0822525473,BW0822525472,BW0822525471,BW0822525470,BW0822525469,BW0822525468,BW0822525467,BW0822525463,BW0822525169,BW0822525168,BW0822525167"
"MWS327159";17.0;"LW_34";"M77RJ;M74FH";2.0;334.0;34.0;"15.0C-B34";5216.0;91.0;"2019-02-06 04:15:44";"Y";"Y";"N";"N";"N";"N";"Y";"BW0822516723,BW0822516722,BW0822516721,BW0822516720,BW0822516719,BW0822516718,BW0822516717,BW0822516716,BW0822516715,BW0822516714,BW0822516711,BW0822516484,BW0822516483,BW0822516482,BW0822516458,BW0822516457,BW0822516456,BW0822516455,BW0822516454,BW0822516453,BW0822516451,BW0822516450,BW0822516449"
"MWS327355";18.0;"LW_34";"M77UF";1.0;391.0;34.0;"15.0C-B34";5215.0;90.0;"2019-02-05 12:26:153";"Y";"Y";"Y";"N";"N";"N";"Y";"BW0822512198,BW0822512197,BW0822512196,BW0822512195,BW0822512194,BW0822512193,BW0822512192,BW0822512191,BW0822512190,BW0822512189,BW0822512188,BW0822512187,BW0822512186,BW0822511708,BW0822511707,BW0822511706,BW0822511699,BW0822511698,BW0822511697"
"MWS326949";19.0;"LW_34";"M790E;M790C;M790D";3.0;367.0;34.0;"15.0C-B34";5214.0;89.0;"2019-02-04 18:03:817";"Y";"Y";"N";"N";"N";"N";"Y";"BW0822506351,BW0822506350,BW0822506349,BW0822506348,BW0822506347,BW0822506346,BW0822506345,BW0822506339,BW0822506106,BW0822506105,BW0822506104,BW0822506091,BW0822506090,BW0822506089,BW0822506088,BW0822506087,BW0822506086,BW0822506084,BW0822506083,BW0822506082,BW0822505883,BW0822505882,BW0822505881,BW0822505880,BW0822505879,BW0822505878,BW0822505876,BW0822505875,BW0822505874"
"MWS327276";20.0;"LW_34";"M791W";1.0;393.0;34.0;"15.0C-B34";5213.0;88.0;"2019-02-04 02:10:132";"Y";"N";"N";"N";"N";"N";"Y";"BW0822502060,BW0822502059,BW0822502058,BW0822502057,BW0822502056,BW0822502055,BW0822502054,BW0822502053,BW0822502052,BW0822502051,BW0822502050,BW0822502049,BW0822500864,BW0822500863,BW0822500862,BW0822500855,BW0822500854,BW0822500853"
"MWS327139";21.0;"LW_34";"M77TH";1.0;391.0;34.0;"15.0C-B34";5212.0;87.0;"2019-02-03 10:18:683";"Y";"N";"N";"N";"N";"N";"Y";"BW0822496712,BW0822496711,BW0822496710,BW0822496709,BW0822496708,BW0822496707,BW0822496706,BW0822496705,BW0822496704,BW0822496703,BW0822496702,BW0822496701,BW0822496700,BW0822496135,BW0822496134,BW0822496133,BW0822496126,BW0822496125,BW0822496124"
"MWS326555";22.0;"LW_34";"M77JJ;M76LU";2.0;363.0;34.0;"15.0C-B34";5211.0;86.0;"2019-02-02 18:03:566";"Y";"N";"N";"N";"N";"N";"Y";"BW0822491446,BW0822491445,BW0822491444,BW0822491443,BW0822491442,BW0822491441,BW0822491440,BW0822491439,BW0822491438,BW0822491437,BW0822491436,BW0822491434,BW0822491054,BW0822491053,BW0822491052,BW0822491022,BW0822491021,BW0822491020,BW0822491019,BW0822491018,BW0822491017,BW0822491015,BW0822491014,BW0822491013"
"MWS326352";23.0;"LW_34";"M77HJ;M77HM";2.0;367.0;34.0;"15.0C-B34";5210.0;85.0;"2019-02-02 02:18:178";"Y";"N";"N";"N";"N";"N";"Y";"BW0822486037,BW0822486036,BW0822486035,BW0822486034,BW0822486033,BW0822486032,BW0822486031,BW0822486030,BW0822486025,BW0822485741,BW0822485740,BW0822485739,BW0822485730,BW0822485729,BW0822485727,BW0822485726,BW0822485725,BW0822485724,BW0822485723,BW0822485718,BW0822485582,BW0822485581,BW0822485580,BW0822485728"
"MWS326410";24.0;"LW_34";"M77LJ";1.0;373.0;34.0;"15.0C-B34";5209.0;84.0;"2019-02-01 10:35:295";"Y";"N";"N";"N";"N";"N";"Y";"BW0822482408,BW0822482407,BW0822482406,BW0822482405,BW0822482404,BW0822482403,BW0822482402,BW0822482401,BW0822482400,BW0822482399,BW0822482398,BW0822482397,BW0822482396,BW0822481917,BW0822481916,BW0822481915,BW0822481908,BW0822481907,BW0822481906"
"MWS327022";25.0;"LW_34";"M77FN";1.0;366.0;34.0;"15.0C-B34";5208.0;83.0;"2019-01-31 18:19:944";"Y";"N";"N";"N";"N";"N";"Y";"BW0822476888,BW0822476887,BW0822476886,BW0822476885,BW0822476884,BW0822476883,BW0822476882,BW0822476881,BW0822476880,BW0822476879,BW0822476878,BW0822476877,BW0822476404,BW0822476403,BW0822476402,BW0822476395,BW0822476394,BW0822476393"
"MWS326919";26.0;"LW_34";"M77UL";1.0;390.0;34.0;"15.0C-B34";5207.0;82.0;"2019-01-31 02:38:991";"Y";"N";"N";"N";"N";"N";"Y";"BW0822472155,BW0822472154,BW0822472153,BW0822472152,BW0822472151,BW0822472150,BW0822472149,BW0822472148,BW0822472147,BW0822472146,BW0822472145,BW0822472144,BW0822472143,BW0822471595,BW0822471594,BW0822471593,BW0822471586,BW0822471585,BW0822471584"
"MWS326859";27.0;"LW_34";"M77WC";1.0;384.0;34.0;"15.0C-B34";5206.0;81.0;"2019-01-30 03:01:550";"Y";"Y";"N";"N";"N";"N";"Y";"BW0822463889,BW0822463888,BW0822463887,BW0822464323,BW0822464322,BW0822464321,BW0822464320,BW0822464319,BW0822464318,BW0822464317,BW0822464316,BW0822464315,BW0822464314,BW0822464313,BW0822464312,BW0822464311,BW0822463898,BW0822463897,BW0822463896"
"MWS326684";28.0;"LW_34";"M77PW";1.0;291.0;34.0;"15.0C-B34";5205.0;80.0;"2019-01-29 10:24:479";"Y";"Y";"N";"N";"N";"N";"Y";"BW0822459772,BW0822459781,BW0822459780,BW0822459779,BW0822459778,BW0822459777,BW0822459776,BW0822459775,BW0822459774,BW0822459773,BW0822459770,BW0822459769,BW0822459301,BW0822459300,BW0822459299,BW0822459771"
"MWS326683";29.0;"LW_34";"M77PT";1.0;297.0;34.0;"15.0C-B34";5204.0;79.0;"2019-01-28 18:43:492";"Y";"Y";"N";"N";"N";"N";"Y";"BW0822454758,BW0822454761,BW0822454760,BW0822454759,BW0822454757,BW0822454756,BW0822454754,BW0822454755,BW0822454753,BW0822454752,BW0822454751,BW0822454750,BW0822454749,BW0822454234,BW0822454233,BW0822454232"
"MWS326688";30.0;"LW_34";"M77HA;M773U";2.0;388.0;34.0;"15.0C-B34";5203.0;78.0;"2019-01-28 02:46:282";"Y";"Y";"N";"N";"N";"N";"Y";"BW0822450496,BW0822450499,BW0822450498,BW0822450497,BW0822450492,BW0822450495,BW0822450494,BW0822450493,BW0822450491,BW0822450490,BW0822450487,BW0822450162,BW0822450164,BW0822450163,BW0822450137,BW0822450141,BW0822450140,BW0822450139,BW0822450138,BW0822450142,BW0822450136,BW0822450130,BW0822450020,BW0822450019,BW0822450018"
"MWS326347";31.0;"LW_34";"M77HG;M76ZK";2.0;378.0;34.0;"15.0C-B34";5202.0;77.0;"2019-01-27 11:07:55";"Y";"Y";"N";"N";"N";"N";"Y";"BW0822446027,BW0822446028,BW0822446026,BW0822446022,BW0822446025,BW0822446024,BW0822446023,BW0822446021,BW0822446020,BW0822446019,BW0822446018,BW0822446016,BW0822445665,BW0822445667,BW0822445666,BW0822445647,BW0822445649,BW0822445648,BW0822445650,BW0822445646,BW0822445645,BW0822445643,BW0822445642,BW0822445641"
"MWS328133";1.0;"LW_22";"M79HT";1.0;393.0;40.0;"12.9TEMP22-ABOW";9785.0;65.0;"2019-02-17 18:14:450";"N";"Y";"N";"N";"N";"N";"Y";"BW0822601960,BW0822601959,BW0822601958,BW0822601957,BW0822601956,BW0822601955,BW0822601954,BW0822601953,BW0822601952,BW0822601951,BW0822601950,BW0822601949,BW0822601948,BW0822601405,BW0822601404,BW0822601403,BW0822601396,BW0822601395,BW0822601394"
"MWS328331";2.0;"LW_22";"M79QA;M79KQ";2.0;380.0;40.0;"12.9TEMP22-ABOW";9784.0;64.0;"2019-02-17 04:43:966";"N";"Y";"N";"N";"N";"N";"Y";"BW0822597205,BW0822597204,BW0822597203,BW0822597202,BW0822597201,BW0822597200,BW0822597199,BW0822597198,BW0822597197,BW0822597196,BW0822597195,BW0822597194,BW0822597193,BW0822596748,BW0822596747,BW0822596746,BW0822596715,BW0822596714,BW0822596713,BW0822596722,BW0822596721,BW0822596720,BW0822596719,BW0822596718"
"MWS328226";3.0;"LW_22";"M79QR";1.0;385.0;40.0;"12.9TEMP22-ABOW";9783.0;63.0;"2019-02-16 14:14:189";"N";"Y";"N";"N";"N";"N";"Y";"BW0822592452,BW0822592451,BW0822592450,BW0822592449,BW0822592448,BW0822592447,BW0822592446,BW0822592445,BW0822592444,BW0822592443,BW0822592442,BW0822592441,BW0822592440,BW0822591918,BW0822591917,BW0822591916,BW0822591909,BW0822591908,BW0822591907"
"MWS328011";4.0;"LW_22";"M79HA";1.0;390.0;40.0;"12.9TEMP22-ABOW";9782.0;62.0;"2019-02-15 23:47:465";"N";"Y";"N";"N";"N";"N";"Y";"BW0822587495,BW0822587494,BW0822587493,BW0822587492,BW0822587491,BW0822587490,BW0822587489,BW0822587488,BW0822587487,BW0822587486,BW0822587485,BW0822587484,BW0822587483,BW0822586985,BW0822586984,BW0822586983,BW0822586976,BW0822586975,BW0822586974"
"MWS328222";5.0;"LW_22";"M79QN";1.0;391.0;40.0;"12.9TEMP22-ABOW";9781.0;61.0;"2019-02-15 09:33:422";"N";"Y";"N";"N";"N";"N";"Y";"BW0822582814,BW0822582813,BW0822582812,BW0822582811,BW0822582810,BW0822582809,BW0822582808,BW0822582807,BW0822582806,BW0822582805,BW0822582804,BW0822582803,BW0822582802,BW0822582447,BW0822582446,BW0822582445,BW0822582438,BW0822582437,BW0822582436"
"MWS328157";6.0;"LW_22";"M79NK";1.0;393.0;40.0;"12.9TEMP22-ABOW";9780.0;60.0;"2019-02-14 16:16:788";"N";"Y";"N";"N";"N";"N";"Y";"BW0822577666,BW0822577665,BW0822577664,BW0822577663,BW0822577662,BW0822577661,BW0822577660,BW0822577659,BW0822577658,BW0822577657,BW0822577656,BW0822577655,BW0822577654,BW0822577146,BW0822577145,BW0822577144,BW0822577137,BW0822577136,BW0822577135"
"MWS327937";7.0;"LW_22";"M79CK;M79CL";2.0;387.0;40.0;"12.9TEMP22-ABOW";9779.0;59.0;"2019-02-13 23:00:644";"N";"Y";"N";"N";"N";"N";"Y";"BW0822573095,BW0822573094,BW0822573093,BW0822573092,BW0822573091,BW0822573090,BW0822573089,BW0822573088,BW0822573087,BW0822573086,BW0822573085,BW0822573084,BW0822573083,BW0822572652,BW0822572651,BW0822572650,BW0822572625,BW0822572624,BW0822572623,BW0822572622,BW0822572621,BW0822572619,BW0822572618,BW0822572617,BW0822572626"
"MWS328082";8.0;"LW_22";"M79MP";1.0;391.0;40.0;"12.9TEMP22-ABOW";9778.0;58.0;"2019-02-13 09:12:921";"N";"Y";"N";"N";"N";"N";"Y";"BW0822568433,BW0822568432,BW0822568431,BW0822568430,BW0822568429,BW0822568428,BW0822568427,BW0822568426,BW0822568425,BW0822568424,BW0822568423,BW0822568422,BW0822568421,BW0822567978,BW0822567977,BW0822567976,BW0822567969,BW0822567968,BW0822567967"
"MWS327884";9.0;"LW_22";"M793L";1.0;279.0;40.0;"12.9TEMP22-ABOW";9777.0;57.0;"2019-02-12 16:35:37";"N";"Y";"N";"N";"N";"N";"Y";"BW0822563352,BW0822563351,BW0822563350,BW0822563349,BW0822563348,BW0822563347,BW0822563346,BW0822563345,BW0822563344,BW0822563343,BW0822563342,BW0822563340,BW0822562955,BW0822562954,BW0822562953"
"MWS327832";10.0;"LW_22";"M779C;M777R;M776N";3.0;306.0;40.0;"12.9TEMP22-ABOW";9776.0;56.0;"2019-02-12 02:13:05";"N";"Y";"N";"N";"N";"N";"Y";"BW0822560110,BW0822560109,BW0822560108,BW0822560107,BW0822560106,BW0822560105,BW0822560103,BW0822560102,BW0822560101,BW0822559940,BW0822559939,BW0822559938,BW0822559937,BW0822559936,BW0822559935,BW0822559933,BW0822559932,BW0822559931,BW0822559769,BW0822559768,BW0822559767,BW0822559766,BW0822559765,BW0822559764,BW0822559762,BW0822559761,BW0822559760"
"MWS327538";11.0;"LW_22";"M79CH";1.0;383.0;40.0;"12.9TEMP22-ABOW";9775.0;55.0;"2019-02-11 12:25:349";"N";"Y";"N";"N";"N";"N";"Y";"BW0822555800,BW0822555799,BW0822555798,BW0822555797,BW0822555796,BW0822555795,BW0822555794,BW0822555793,BW0822555792,BW0822555791,BW0822555790,BW0822555789,BW0822555788,BW0822555278,BW0822555277,BW0822555276,BW0822555269,BW0822555268,BW0822555267"
"MWS325964";12.0;"LW_22";"M774M";1.0;388.0;40.0;"12.9TEMP22-ABOW";9774.0;54.0;"2019-02-10 21:53:225";"N";"Y";"N";"N";"N";"N";"Y";"BW0822551926,BW0822551925,BW0822551924,BW0822551923,BW0822551922,BW0822551921,BW0822551920,BW0822551919,BW0822551918,BW0822551917,BW0822551916,BW0822551915,BW0822551914,BW0822551487,BW0822551486,BW0822551485,BW0822551478,BW0822551477,BW0822551476"
"MWS327936";13.0;"LW_22";"M79FU";1.0;389.0;40.0;"12.9TEMP22-ABOW";9773.0;53.0;"2019-02-10 08:15:586";"N";"Y";"N";"N";"N";"N";"Y";"BW0822547383,BW0822547382,BW0822547381,BW0822547380,BW0822547379,BW0822547378,BW0822547377,BW0822547376,BW0822547375,BW0822547374,BW0822547373,BW0822547372,BW0822547371,BW0822546863,BW0822546862,BW0822546861,BW0822546854,BW0822546853,BW0822546852"
"MWS327751";14.0;"LW_22";"M79EP;M79EN";2.0;348.0;40.0;"12.9TEMP22-ABOW";9772.0;52.0;"2019-02-09 14:28:308";"N";"Y";"N";"N";"N";"N";"Y";"BW0822542028,BW0822542024,BW0822541688,BW0822541687,BW0822541686,BW0822542036,BW0822542035,BW0822542034,BW0822542033,BW0822542032,BW0822542031,BW0822542030,BW0822542029,BW0822541640,BW0822541639,BW0822541638,BW0822541637,BW0822541636,BW0822541635,BW0822541633,BW0822541632,BW0822541631"
"MWS326751";15.0;"LW_22";"M779L;M779M;M776E";3.0;319.0;40.0;"12.9TEMP22-ABOW";9771.0;51.0;"2019-02-09 00:31:571";"N";"Y";"N";"N";"N";"N";"Y";"BW0822537435,BW0822537434,BW0822537433,BW0822537432,BW0822537431,BW0822537430,BW0822537429,BW0822537428,BW0822537427,BW0822537265,BW0822537264,BW0822537263,BW0822537262,BW0822537261,BW0822537260,BW0822537258,BW0822537257,BW0822537256,BW0822537168,BW0822537167,BW0822537166,BW0822537165,BW0822537164,BW0822537163,BW0822537161,BW0822537160,BW0822537159"
"MWS327625";16.0;"LW_22";"M79BU;M79BT";2.0;357.0;40.0;"12.9TEMP22-ABOW";9770.0;50.0;"2019-02-08 10:55:544";"N";"Y";"N";"N";"N";"N";"Y";"BW0822533240,BW0822533239,BW0822533238,BW0822533237,BW0822533236,BW0822533235,BW0822533234,BW0822533233,BW0822533232,BW0822533228,BW0822532884,BW0822532883,BW0822532882,BW0822532867,BW0822532866,BW0822532865,BW0822532864,BW0822532863,BW0822532862,BW0822532861,BW0822532860,BW0822532859,BW0822532858"
"MWS327556";17.0;"LW_22";"M775F;M799H";2.0;326.0;40.0;"12.9TEMP22-ABOW";9769.0;49.0;"2019-02-07 17:00:510";"N";"Y";"N";"N";"N";"N";"Y";"BW0822527895,BW0822527894,BW0822527893,BW0822527892,BW0822527891,BW0822527890,BW0822527889,BW0822527888,BW0822527883,BW0822527596,BW0822527595,BW0822527594,BW0822527570,BW0822527569,BW0822527568,BW0822527567,BW0822527566,BW0822527565,BW0822527564,BW0822527563,BW0822527562,BW0822527561"
"MWS327366";18.0;"LW_22";"M77RT;M790K";2.0;390.0;40.0;"12.9TEMP22-ABOW";9768.0;48.0;"2019-02-07 01:00:176";"N";"Y";"N";"N";"N";"N";"Y";"BW0822523424,BW0822523423,BW0822523422,BW0822523421,BW0822523420,BW0822523419,BW0822523418,BW0822523417,BW0822523412,BW0822523119,BW0822523118,BW0822523117,BW0822523093,BW0822523092,BW0822523091,BW0822523090,BW0822523089,BW0822523088,BW0822523087,BW0822523086,BW0822523085,BW0822523081,BW0822522722,BW0822522721,BW0822522720"
"MWS327398";19.0;"LW_22";"M794J;M794H";2.0;379.0;40.0;"12.9TEMP22-ABOW";9767.0;47.0;"2019-02-06 10:57:792";"N";"Y";"N";"N";"N";"N";"Y";"BW0822518197,BW0822518196,BW0822518195,BW0822518194,BW0822518193,BW0822518192,BW0822518191,BW0822518190,BW0822518189,BW0822518188,BW0822518187,BW0822518185,BW0822517767,BW0822517766,BW0822517765,BW0822517741,BW0822517740,BW0822517739,BW0822517738,BW0822517737,BW0822517736,BW0822517734,BW0822517733,BW0822517732"
"MWS327095";20.0;"LW_22";"M76XM;M76XF";2.0;369.0;40.0;"12.9TEMP22-ABOW";9766.0;46.0;"2019-02-05 14:32:911";"N";"Y";"N";"N";"N";"N";"Y";"BW0822512901,BW0822512900,BW0822512899,BW0822512898,BW0822512897,BW0822512896,BW0822512895,BW0822512894,BW0822512889,BW0822512584,BW0822512583,BW0822512582,BW0822512573,BW0822512572,BW0822512571,BW0822512570,BW0822512569,BW0822512568,BW0822512567,BW0822512566,BW0822512561,BW0822512255,BW0822512254,BW0822512253"
"MWS327235";21.0;"LW_22";"M793P";1.0;345.0;40.0;"12.9TEMP22-ABOW";9765.0;45.0;"2019-02-04 21:58:758";"N";"Y";"N";"N";"N";"N";"Y";"BW0822507774,BW0822507773,BW0822507772,BW0822507771,BW0822507770,BW0822507769,BW0822507768,BW0822507767,BW0822507766,BW0822507765,BW0822507764,BW0822507763,BW0822507762,BW0822507180,BW0822507179,BW0822507171,BW0822507170,BW0822507169"
"MWS327277";22.0;"LW_22";"M792B";1.0;391.0;40.0;"12.9TEMP22-ABOW";9764.0;44.0;"2019-02-04 07:48:788";"N";"Y";"N";"N";"N";"N";"Y";"BW0822502809,BW0822502808,BW0822502807,BW0822502806,BW0822502805,BW0822502804,BW0822502803,BW0822502802,BW0822502801,BW0822502800,BW0822502799,BW0822502352,BW0822502351,BW0822502350,BW0822502349,BW0822502348,BW0822502343,BW0822502342,BW0822502341"
"MWS327110";23.0;"LW_22";"M77TN";1.0;349.0;40.0;"12.9TEMP22-ABOW";9763.0;43.0;"2019-02-03 17:38:654";"N";"Y";"N";"N";"N";"N";"Y";"BW0822498626,BW0822498625,BW0822498624,BW0822498623,BW0822498622,BW0822498621,BW0822498620,BW0822498619,BW0822498618,BW0822498617,BW0822498616,BW0822498615,BW0822498614,BW0822498088,BW0822498087,BW0822498079,BW0822498078,BW0822498077"
"MWS326955";24.0;"LW_22";"M77YY";1.0;393.0;40.0;"12.9TEMP22-ABOW";9762.0;42.0;"2019-02-03 03:28:491";"N";"Y";"N";"N";"N";"N";"Y";"BW0822494091,BW0822494090,BW0822494089,BW0822494088,BW0822494087,BW0822494086,BW0822494085,BW0822494084,BW0822494083,BW0822494082,BW0822494081,BW0822494080,BW0822494079,BW0822493504,BW0822493503,BW0822493502,BW0822493495,BW0822493494,BW0822493493"
"MWS326667";25.0;"LW_22";"M77NQ";1.0;393.0;40.0;"12.9TEMP22-ABOW";9761.0;41.0;"2019-02-02 13:58:150";"N";"Y";"N";"N";"N";"N";"Y";"BW0822489677,BW0822489676,BW0822489675,BW0822489674,BW0822489672,BW0822489671,BW0822489670,BW0822489669,BW0822489668,BW0822489667,BW0822489666,BW0822489665,BW0822489225,BW0822489224,BW0822489223,BW0822489216,BW0822489215,BW0822489214,BW0822489673"
"MWS326337";26.0;"LW_22";"M76ZL;M77HN";2.0;383.0;40.0;"12.9TEMP22-ABOW";9760.0;40.0;"2019-02-01 23:46:643";"N";"Y";"N";"N";"N";"N";"Y";"BW0822485570,BW0822485569,BW0822485568,BW0822485567,BW0822485566,BW0822485565,BW0822485564,BW0822485563,BW0822485562,BW0822485558,BW0822485388,BW0822485387,BW0822485386,BW0822485377,BW0822485376,BW0822485375,BW0822485374,BW0822485373,BW0822485372,BW0822485371,BW0822485365,BW0822485189,BW0822485188,BW0822485187"
"MWS326882";27.0;"LW_22";"M77NN";1.0;393.0;40.0;"12.9TEMP22-ABOW";9759.0;39.0;"2019-02-01 10:11:806";"N";"Y";"N";"N";"N";"N";"Y";"BW0822481776,BW0822481775,BW0822481774,BW0822481773,BW0822481772,BW0822481771,BW0822481770,BW0822481769,BW0822481768,BW0822481767,BW0822481766,BW0822481765,BW0822481764,BW0822481259,BW0822481258,BW0822481257,BW0822481250,BW0822481249,BW0822481248"
"MWS326747";28.0;"LW_22";"M77QC";1.0;391.0;40.0;"12.9TEMP22-ABOW";9758.0;38.0;"2019-01-31 20:05:332";"N";"Y";"N";"N";"N";"N";"Y";"BW0822477652,BW0822477651,BW0822477650,BW0822477649,BW0822477648,BW0822477647,BW0822477646,BW0822477645,BW0822477644,BW0822477643,BW0822477642,BW0822477641,BW0822477640,BW0822477075,BW0822477074,BW0822477073,BW0822477066,BW0822477065,BW0822477064"
"MWS326860";29.0;"LW_22";"M77WB";1.0;366.0;40.0;"12.9TEMP22-ABOW";9757.0;37.0;"2019-01-31 05:39:637";"N";"Y";"N";"N";"N";"N";"Y";"BW0822473252,BW0822473251,BW0822473249,BW0822473248,BW0822473247,BW0822473246,BW0822473245,BW0822473244,BW0822473243,BW0822473242,BW0822473241,BW0822473240,BW0822472662,BW0822472661,BW0822472653,BW0822472652,BW0822472651,BW0822473250"
"MWS326957";30.0;"LW_22";"M77YP";1.0;391.0;40.0;"12.9TEMP22-ABOW";9756.0;36.0;"2019-01-30 15:32:878";"N";"Y";"N";"N";"N";"N";"Y";"BW0822468107,BW0822468106,BW0822468602,BW0822468601,BW0822468600,BW0822468599,BW0822468598,BW0822468597,BW0822468596,BW0822468595,BW0822468594,BW0822468593,BW0822468592,BW0822468591,BW0822468590,BW0822468117,BW0822468116,BW0822468115,BW0822468108"
"MWS326858";31.0;"LW_22";"M77WA";1.0;391.0;40.0;"12.9TEMP22-ABOW";9755.0;35.0;"2019-01-30 01:55:857";"N";"Y";"N";"N";"N";"N";"Y";"BW0822463736,BW0822463735,BW0822463734,BW0822463733,BW0822463732,BW0822463731,BW0822463730,BW0822463729,BW0822463728,BW0822463727,BW0822463726,BW0822463725,BW0822463724,BW0822463302,BW0822463301,BW0822463300,BW0822463293,BW0822463292,BW0822463291"
"MWS326661";32.0;"LW_22";"M77NR";1.0;393.0;40.0;"12.9TEMP22-ABOW";9754.0;34.0;"2019-01-29 08:30:893";"N";"Y";"N";"N";"N";"N";"Y";"BW0822459075,BW0822459074,BW0822459073,BW0822459072,BW0822459071,BW0822459070,BW0822459069,BW0822459068,BW0822459067,BW0822459066,BW0822459065,BW0822459064,BW0822459063,BW0822458491,BW0822458490,BW0822458489,BW0822458482,BW0822458481,BW0822458480"
"MWS326664";33.0;"LW_22";"M77QP";1.0;393.0;40.0;"12.9TEMP22-A";9753.0;33.0;"2019-01-28 18:14:915";"N";"N";"N";"N";"N";"N";"Y";"BW0822454427,BW0822454430,BW0822454429,BW0822454428,BW0822454426,BW0822454423,BW0822454425,BW0822454424,BW0822454419,BW0822454421,BW0822454420,BW0822454422,BW0822454418,BW0822453907,BW0822453906,BW0822453905,BW0822453898,BW0822453897,BW0822453896"
"MWS326699";34.0;"LW_22";"M76XC;M75XD";2.0;347.0;40.0;"12.9TEMP22-A";9752.0;32.0;"2019-01-28 04:32:910";"N";"N";"N";"N";"N";"N";"Y";"BW0822451581,BW0822451582,BW0822451576,BW0822451580,BW0822451579,BW0822451578,BW0822451577,BW0822451575,BW0822451574,BW0822451573,BW0822451570,BW0822451156,BW0822451155,BW0822451154,BW0822451124,BW0822451126,BW0822451127,BW0822451125,BW0822451123,BW0822451122,BW0822451120,BW0822451119,BW0822451118"
"MWS326516";35.0;"LW_22";"M76GT;M761A";2.0;379.0;40.0;"12.9TEMP22-A";9751.0;31.0;"2019-01-27 15:01:848";"N";"N";"N";"N";"N";"N";"Y";"BW0822447558,BW0822447559,BW0822447557,BW0822447556,BW0822447555,BW0822447554,BW0822447553,BW0822447552,BW0822447547,BW0822447211,BW0822447210,BW0822447209,BW0822447183,BW0822447184,BW0822447182,BW0822447178,BW0822447181,BW0822447180,BW0822447179,BW0822447177,BW0822447172,BW0822446919,BW0822446918,BW0822446917"
"MWS328342";1.0;"LW_37";"M77PE;M791A";2.0;316.0;44.0;"10.6V-B37-50KG";5153.0;40.0;"2019-02-17 19:04:275";"Y";"Y";"N";"N";"N";"N";"Y";"BW0822601977,BW0822601976,BW0822601975,BW0822601974,BW0822601973,BW0822601972,BW0822601971,BW0822601965,BW0822601690,BW0822601689,BW0822601688,BW0822601669,BW0822601668,BW0822601667,BW0822601666,BW0822601665,BW0822601664,BW0822601663,BW0822601662,BW0822601661,BW0822601660"
"MWS328366";2.0;"LW_37";"M79WK";1.0;393.0;44.0;"10.6V-B37-50KG";5152.0;39.0;"2019-02-17 06:05:935";"Y";"Y";"N";"N";"N";"N";"Y";"BW0822597557,BW0822597556,BW0822597555,BW0822597554,BW0822597553,BW0822597552,BW0822597551,BW0822597550,BW0822597549,BW0822597548,BW0822597547,BW0822597546,BW0822597545,BW0822597068,BW0822597067,BW0822597066,BW0822597059,BW0822597058,BW0822597057"
"MWS327279";3.0;"LW_37";"M794G";1.0;391.0;44.0;"10.6V-B37-50KG";5151.0;38.0;"2019-02-16 15:11:786";"Y";"N";"N";"N";"N";"N";"Y";"BW0822592711,BW0822592710,BW0822592709,BW0822592708,BW0822592707,BW0822592706,BW0822592705,BW0822592704,BW0822592703,BW0822592702,BW0822592701,BW0822592211,BW0822592210,BW0822592209,BW0822592202,BW0822592201,BW0822592200,BW0822592712,BW0822592713"
"MWS328114";4.0;"LW_37";"M77LT;M79EU";2.0;315.0;44.0;"10.6V-B37-50KG";5150.0;37.0;"2019-02-16 01:19:860";"Y";"N";"N";"N";"N";"N";"Y";"BW0822588084,BW0822588083,BW0822588082,BW0822588081,BW0822588080,BW0822588079,BW0822588078,BW0822588077,BW0822588072,BW0822587726,BW0822587725,BW0822587724,BW0822587699,BW0822587698,BW0822587697,BW0822587696,BW0822587695,BW0822587694,BW0822587693,BW0822587692,BW0822587691,BW0822587690"
"MWS327357";5.0;"LW_37";"M794R";1.0;393.0;44.0;"10.6V-B37-50KG";5149.0;36.0;"2019-02-15 13:10:481";"Y";"N";"N";"N";"N";"N";"Y";"BW0822584398,BW0822584397,BW0822584396,BW0822584395,BW0822584394,BW0822584393,BW0822584392,BW0822584391,BW0822584390,BW0822584389,BW0822584388,BW0822584387,BW0822584386,BW0822583832,BW0822583831,BW0822583830,BW0822583823,BW0822583822,BW0822583821"
"MWS328210";6.0;"LW_37";"M79KE;M79LE;M79KH";3.0;294.0;44.0;"10.6V-B37-50KG";5148.0;35.0;"2019-02-14 22:14:21";"Y";"N";"N";"N";"N";"N";"Y";"BW0822579705,BW0822579704,BW0822579703,BW0822579702,BW0822579701,BW0822579700,BW0822579698,BW0822579697,BW0822579696,BW0822579616,BW0822579615,BW0822579614,BW0822579613,BW0822579612,BW0822579611,BW0822579609,BW0822579608,BW0822579607,BW0822579449,BW0822579448,BW0822579447,BW0822579446,BW0822579445,BW0822579444,BW0822579442,BW0822579441,BW0822579440"
"MWS328155";7.0;"LW_37";"M779D;M79EL;M79ML";3.0;295.0;44.0;"10.6V-B37-50KG";5147.0;34.0;"2019-02-14 08:06:165";"Y";"N";"N";"N";"N";"N";"Y";"BW0822575354,BW0822575353,BW0822575352,BW0822575351,BW0822575350,BW0822575349,BW0822575347,BW0822575346,BW0822575345,BW0822575162,BW0822575161,BW0822575160,BW0822575159,BW0822575158,BW0822575157,BW0822575155,BW0822575154,BW0822575153,BW0822575076,BW0822575075,BW0822575074,BW0822575073,BW0822575072,BW0822575071,BW0822575069,BW0822575068,BW0822575067"
"MWS328154";8.0;"LW_37";"M79LW;M79AE;M79NQ";3.0;366.0;44.0;"10.6V-B37-50KG";5146.0;33.0;"2019-02-13 19:39:798";"Y";"Y";"N";"N";"Y";"N";"Y";"BW0822571800,BW0822571799,BW0822571798,BW0822571797,BW0822571796,BW0822571795,BW0822571793,BW0822571792,BW0822571791,BW0822571638,BW0822571637,BW0822571636,BW0822571635,BW0822571634,BW0822571633,BW0822571632,BW0822571631,BW0822571630,BW0822571629,BW0822571430,BW0822571429,BW0822571428,BW0822571427,BW0822571426,BW0822571425,BW0822571423,BW0822571422,BW0822571421"
"MWS328131";9.0;"LW_37";"M77JC;M79JC";2.0;350.0;44.0;"10.6V-B37-50KG";5145.0;32.0;"2019-02-13 07:02:369";"Y";"Y";"N";"N";"Y";"N";"Y";"BW0822567734,BW0822567733,BW0822567732,BW0822567731,BW0822567730,BW0822567729,BW0822567728,BW0822567727,BW0822567726,BW0822567725,BW0822567724,BW0822567722,BW0822567447,BW0822567446,BW0822567445,BW0822567436,BW0822567435,BW0822567434,BW0822567433,BW0822567432,BW0822567431,BW0822567429,BW0822567428,BW0822567427"
"MWS328035";10.0;"LW_37";"M79CQ;M79EW";2.0;360.0;44.0;"10.6V-B37-50KG";5144.0;31.0;"2019-02-12 19:04:904";"Y";"Y";"N";"N";"Y";"N";"Y";"BW0822564270,BW0822564269,BW0822564268,BW0822564267,BW0822564266,BW0822564265,BW0822564264,BW0822564263,BW0822564262,BW0822564261,BW0822564258,BW0822563919,BW0822563918,BW0822563917,BW0822563892,BW0822563891,BW0822563890,BW0822563889,BW0822563888,BW0822563887,BW0822563886,BW0822563885,BW0822563884"
"MWS327754";11.0;"LW_37";"M79CP";1.0;324.0;44.0;"10.6V-B37-50KG";5143.0;30.0;"2019-02-12 07:18:681";"Y";"Y";"N";"N";"N";"N";"Y";"BW0822561230,BW0822561229,BW0822561228,BW0822561227,BW0822561226,BW0822561225,BW0822561224,BW0822561223,BW0822561222,BW0822561221,BW0822561220,BW0822561219,BW0822561218,BW0822560709,BW0822560708,BW0822560707"
"MWS328024";12.0;"LW_37";"M79FQ";1.0;238.0;44.0;"10.6V-B37-50KG";5142.0;29.0;"2019-02-11 17:10:152";"Y";"Y";"N";"N";"N";"N";"Y";"BW0822556935,BW0822556934,BW0822556933,BW0822556932,BW0822556931,BW0822556930,BW0822556929,BW0822556928,BW0822556927,BW0822556926,BW0822556923,BW0822556697,BW0822556696,BW0822556695"
"MWS327548";13.0;"LW_37";"M795H";1.0;390.0;44.0;"10.6V-B37-50KG";5141.0;28.0;"2019-02-11 00:56:903";"Y";"Y";"N";"N";"N";"N";"Y";"BW0822552779,BW0822552778,BW0822552777,BW0822552776,BW0822552775,BW0822552774,BW0822552773,BW0822552772,BW0822552771,BW0822552770,BW0822552769,BW0822552768,BW0822552767,BW0822552493,BW0822552492,BW0822552491,BW0822552484,BW0822552483,BW0822552482"
"MWS327462";14.0;"LW_37";"M795G";1.0;391.0;44.0;"10.6V-B37-50KG";5140.0;27.0;"2019-02-10 13:03:449";"Y";"Y";"N";"N";"N";"N";"Y";"BW0822549203,BW0822549202,BW0822549201,BW0822549200,BW0822549199,BW0822549198,BW0822549197,BW0822549196,BW0822549195,BW0822549194,BW0822549193,BW0822549192,BW0822549191,BW0822548637,BW0822548636,BW0822548635,BW0822548628,BW0822548627,BW0822548626"
"MWS327862";15.0;"LW_37";"M776P;M776G;M77JR";3.0;299.0;44.0;"10.6V-B37-50KG";5139.0;26.0;"2019-02-10 00:43:807";"Y";"Y";"N";"N";"N";"N";"Y";"BW0822545681,BW0822545680,BW0822545679,BW0822545678,BW0822545677,BW0822545676,BW0822545674,BW0822545673,BW0822545672,BW0822545465,BW0822545464,BW0822545463,BW0822545462,BW0822545461,BW0822545460,BW0822545458,BW0822545457,BW0822545456,BW0822545379,BW0822545378,BW0822545377,BW0822545376,BW0822545375,BW0822545374,BW0822545372,BW0822545371,BW0822545370"
"MWS327439";16.0;"LW_37";"M796R";1.0;380.0;44.0;"10.6V-B37-50KG";5138.0;25.0;"2019-02-09 11:47:594";"Y";"Y";"N";"N";"N";"N";"Y";"BW0822541325,BW0822541324,BW0822541323,BW0822541322,BW0822541321,BW0822541320,BW0822541319,BW0822541318,BW0822541317,BW0822541316,BW0822541315,BW0822541314,BW0822540811,BW0822540810,BW0822540809,BW0822540802,BW0822540801,BW0822540800"
"MWS327639";17.0;"LW_37";"M79CJ;M792R";2.0;373.0;44.0;"10.6V-B37-50KG";5137.0;24.0;"2019-02-08 17:33:647";"Y";"Y";"N";"N";"Y";"N";"Y";"BW0822535437,BW0822535449,BW0822535448,BW0822535447,BW0822535446,BW0822535445,BW0822535444,BW0822535443,BW0822535442,BW0822535183,BW0822535182,BW0822535181,BW0822535172,BW0822535171,BW0822535170,BW0822535169,BW0822535168,BW0822535167,BW0822535166,BW0822535165,BW0822535160,BW0822534848,BW0822534847,BW0822534846"
"MWS327234";18.0;"LW_37";"M793W";1.0;391.0;44.0;"10.6V-B37-50KG";5136.0;23.0;"2019-02-08 02:19:273";"Y";"Y";"N";"N";"N";"N";"Y";"BW0822530241,BW0822530240,BW0822530239,BW0822530238,BW0822530237,BW0822530236,BW0822530235,BW0822530234,BW0822530233,BW0822530232,BW0822530231,BW0822530230,BW0822530229,BW0822529720,BW0822529719,BW0822529718,BW0822529711,BW0822529710,BW0822529709"
"MWS327532";19.0;"LW_37";"M773D;M799Q";2.0;388.0;44.0;"10.6V-B37-50KG";5135.0;22.0;"2019-02-07 09:09:399";"Y";"Y";"N";"N";"Y";"N";"Y";"BW0822524821,BW0822524820,BW0822524819,BW0822525128,BW0822525127,BW0822525126,BW0822525125,BW0822525124,BW0822525123,BW0822525122,BW0822525121,BW0822525116,BW0822524790,BW0822524789,BW0822524788,BW0822524787,BW0822524786,BW0822524785,BW0822524784,BW0822524783,BW0822524778,BW0822524532,BW0822524531,BW0822524530"
"MWS327479";20.0;"LW_37";"M796A;M77QE;M76UR";3.0;295.0;44.0;"10.6V-B37-50KG";5134.0;21.0;"2019-02-06 15:28:210";"Y";"Y";"N";"N";"N";"N";"Y";"BW0822521207,BW0822521206,BW0822521205,BW0822521204,BW0822521203,BW0822521202,BW0822521200,BW0822521199,BW0822521198,BW0822521046,BW0822521045,BW0822521044,BW0822521043,BW0822521042,BW0822521041,BW0822521039,BW0822521038,BW0822521037,BW0822520884,BW0822520883,BW0822520882,BW0822520881,BW0822520880,BW0822520879,BW0822520877,BW0822520876,BW0822520875"
"MWS325869";21.0;"LW_37";"M770J";1.0;376.0;44.0;"10.6V-B37-50KG";5133.0;20.0;"2019-02-05 23:34:93";"Y";"N";"N";"N";"N";"N";"Y";"BW0822515383,BW0822515382,BW0822515381,BW0822515380,BW0822515379,BW0822515378,BW0822515377,BW0822515376,BW0822515375,BW0822515374,BW0822515373,BW0822515372,BW0822515371,BW0822515044,BW0822515043,BW0822515042,BW0822515035,BW0822515034,BW0822515033"
"MWS327372";22.0;"LW_37";"M77RY;M795A";2.0;385.0;44.0;"10.6V-B37-50KG";5132.0;19.0;"2019-02-05 10:44:341";"Y";"N";"N";"N";"Y";"N";"Y";"BW0822511537,BW0822511536,BW0822511535,BW0822511534,BW0822511533,BW0822511532,BW0822511531,BW0822511530,BW0822511529,BW0822511528,BW0822511527,BW0822511526,BW0822511525,BW0822511063,BW0822511062,BW0822511061,BW0822511037,BW0822511036,BW0822511035,BW0822511034,BW0822511033,BW0822511032,BW0822511030,BW0822511029,BW0822511028"
"MWS327141";23.0;"LW_37";"M790G";1.0;391.0;44.0;"10.6V-B37-50KG";5131.0;18.0;"2019-02-04 23:16:532";"Y";"N";"N";"N";"N";"N";"Y";"BW0822507784,BW0822507783,BW0822507255,BW0822507254,BW0822507253,BW0822507246,BW0822507245,BW0822507244,BW0822507795,BW0822507794,BW0822507793,BW0822507792,BW0822507791,BW0822507790,BW0822507789,BW0822507788,BW0822507787,BW0822507786,BW0822507785"
"MWS326377";24.0;"LW_37";"M77DT;M77DU;M77EH";3.0;386.0;44.0;"10.6V-B37-50KG";5130.0;17.0;"2019-02-04 11:45:947";"Y";"N";"N";"N";"Y";"N";"Y";"BW0822504322,BW0822504321,BW0822504320,BW0822504319,BW0822504318,BW0822504317,BW0822504316,BW0822504315,BW0822504314,BW0822504310,BW0822503954,BW0822503953,BW0822503952,BW0822503943,BW0822503942,BW0822503941,BW0822503940,BW0822503939,BW0822503936,BW0822503935,BW0822503934,BW0822503868,BW0822503867,BW0822503866,BW0822503865,BW0822503864,BW0822503861,BW0822503860,BW0822503859"
"MWS327130";25.0;"LW_37";"M77LA;M791F;M77LC";3.0;355.0;44.0;"10.6V-B37-50KG";5129.0;16.0;"2019-02-03 20:34:20";"Y";"N";"N";"N";"Y";"N";"Y";"BW0822500733,BW0822500732,BW0822500731,BW0822500730,BW0822500729,BW0822500728,BW0822500727,BW0822500721,BW0822500493,BW0822500492,BW0822500491,BW0822500467,BW0822500465,BW0822500464,BW0822500463,BW0822500462,BW0822500460,BW0822500459,BW0822500458,BW0822500466,BW0822500301,BW0822500300,BW0822500299,BW0822500297,BW0822500296,BW0822500295,BW0822500303,BW0822500302"
"MWS327117";26.0;"LW_37";"M77QF;M77QJ;M77QG";3.0;315.0;44.0;"10.6V-B37-50KG";5128.0;15.0;"2019-02-03 07:33:591";"Y";"N";"N";"N";"Y";"N";"Y";"BW0822495430,BW0822495429,BW0822495428,BW0822495427,BW0822495426,BW0822495425,BW0822495424,BW0822495423,BW0822495422,BW0822495421,BW0822495250,BW0822495249,BW0822495248,BW0822495247,BW0822495246,BW0822495245,BW0822495243,BW0822495242,BW0822495241,BW0822495088,BW0822495087,BW0822495086,BW0822495085,BW0822495084,BW0822495082,BW0822495081,BW0822495080,BW0822495089"
"MWS325976";27.0;"LW_37";"M76KP;M775M";2.0;329.0;44.0;"10.6V-B37-50KG";5127.0;14.0;"2019-02-02 06:51:685";"Y";"N";"N";"N";"Y";"N";"Y";"BW0822487575,BW0822487574,BW0822487573,BW0822487572,BW0822487571,BW0822487570,BW0822487569,BW0822487568,BW0822487563,BW0822487314,BW0822487313,BW0822487312,BW0822487286,BW0822487285,BW0822487284,BW0822487283,BW0822487282,BW0822487281,BW0822487280,BW0822487279,BW0822487278,BW0822487277"
"MWS326379";28.0;"LW_37";"M77DH";1.0;388.0;44.0;"10.6V-B37-50KG";5125.0;12.0;"2019-01-27 22:52:983";"Y";"Y";"N";"N";"N";"N";"Y";"BW0822449782,BW0822449781,BW0822449780,BW0822449779,BW0822449778,BW0822449777,BW0822449770,BW0822449776,BW0822449775,BW0822449774,BW0822449773,BW0822449772,BW0822449771,BW0822449378,BW0822449377,BW0822449376,BW0822449369,BW0822449368,BW0822449367"
"MWS326636";29.0;"LW_37";"M76HU;M76UY;M76UP";3.0;292.0;44.0;"10.6V-B37-50KG";5124.0;11.0;"2019-01-27 11:31:192";"Y";"Y";"N";"N";"Y";"N";"Y";"BW0822446250,BW0822446249,BW0822446252,BW0822446251,BW0822446248,BW0822446247,BW0822446245,BW0822446244,BW0822446243,BW0822446073,BW0822446075,BW0822446076,BW0822446074,BW0822446072,BW0822446071,BW0822446069,BW0822446068,BW0822446067,BW0822445949,BW0822445940,BW0822445942,BW0822445941,BW0822445948,BW0822445947,BW0822445946,BW0822445945,BW0822445944"
